admin-1234-E000-admin-Hoang Gia Bao-19-Male-bao@gmail.com-bh-0123456789
maichungchinh-chinhchu1234-E001-Official Employee-Mai Chung Chinh-19-Male-chinh@gmail.com-QN-01954751
tuangnuyenn-tuannguyen1234-E002-Chief Of Department-Nguyen Minh Tuan-19-Male-nguyentuan@gmail.com-nguyentuan@gmail.com-0123547812
phattien-tienphat123456-E003-Official Employee-Nguyen Tien Phat-19-Male-phat@gmail.com-tienphat@gmail.com-0124578952
